<application>
  <component name="libraryTable">
    <library name="Bundled Protobuf Distribution">
      <CLASSES />
      <JAVADOC />
      <SOURCES>
        <root url="jar://$APPLICATION_PLUGINS_DIR$/protobuf-jetbrains-plugin/lib/protobuf-java-3.6.1-sources.jar!/" />
      </SOURCES>
    </library>
    <library name="Spring-4.3.18.RELEASE" type="spring">
      <properties version="4.3.18.RELEASE" />
      <CLASSES>
        <root url="jar://$USER_HOME$/projects/mat-module/lib/spring-instrument-4.3.18.RELEASE.jar!/" />
        <root url="jar://$USER_HOME$/projects/mat-module/lib/spring-instrument-tomcat-4.3.18.RELEASE.jar!/" />
        <root url="jar://$USER_HOME$/projects/mat-module/lib/spring-aspects-4.3.18.RELEASE.jar!/" />
        <root url="jar://$USER_HOME$/projects/mat-module/lib/spring-expression-4.3.18.RELEASE.jar!/" />
        <root url="jar://$USER_HOME$/projects/mat-module/lib/spring-aop-4.3.18.RELEASE.jar!/" />
        <root url="jar://$USER_HOME$/projects/mat-module/lib/spring-jdbc-4.3.18.RELEASE.jar!/" />
        <root url="jar://$USER_HOME$/projects/mat-module/lib/spring-jms-4.3.18.RELEASE.jar!/" />
        <root url="jar://$USER_HOME$/projects/mat-module/lib/spring-context-support-4.3.18.RELEASE.jar!/" />
        <root url="jar://$USER_HOME$/projects/mat-module/lib/spring-oxm-4.3.18.RELEASE.jar!/" />
        <root url="jar://$USER_HOME$/projects/mat-module/lib/commons-logging-1.2.jar!/" />
        <root url="jar://$USER_HOME$/projects/mat-module/lib/aopalliance-1.0.jar!/" />
        <root url="jar://$USER_HOME$/projects/mat-module/lib/spring-tx-4.3.18.RELEASE.jar!/" />
        <root url="jar://$USER_HOME$/projects/mat-module/lib/spring-beans-4.3.18.RELEASE.jar!/" />
        <root url="jar://$USER_HOME$/projects/mat-module/lib/spring-messaging-4.3.18.RELEASE.jar!/" />
        <root url="jar://$USER_HOME$/projects/mat-module/lib/spring-core-4.3.18.RELEASE.jar!/" />
        <root url="jar://$USER_HOME$/projects/mat-module/lib/spring-context-4.3.18.RELEASE.jar!/" />
        <root url="jar://$USER_HOME$/projects/mat-module/lib/spring-orm-4.3.18.RELEASE.jar!/" />
        <root url="jar://$USER_HOME$/projects/mat-module/lib/spring-test-4.3.18.RELEASE.jar!/" />
      </CLASSES>
      <JAVADOC />
      <SOURCES />
    </library>
  </component>
</application>