<application>
  <component name="MaterialThemeConfig">
    <option name="allowDataCollection" value="true" />
    <option name="isContrastMode" value="true" />
    <option name="isHighContrast" value="true" />
    <option name="isWizardShown" value="true" />
    <option name="overrideAccentColor" value="true" />
    <option name="accentColor" value="009688" />
    <option name="highlightColor" value="80cbc4" />
    <option name="userId" value="-3a88a65:164fe779d4e:-8000" />
    <option name="version" value="3.5.0.1" />
  </component>
</application>