<application>
  <component name="ProjectManager">
    <defaultProject>
      <component name="ClojureProjectResolveSettings">
        <currentScheme>IDE</currentScheme>
      </component>
      <component name="Encoding" addBOMForNewFiles="with NO BOM" />
      <component name="GradleLocalSettings">
        <option name="projectSyncType">
          <map>
            <entry key="$USER_HOME$/projects/hyvis" value="PREVIEW" />
          </map>
        </option>
      </component>
      <component name="PropertiesComponent">
        <property name="nodejs_interpreter_path.stuck_in_default_project" value="undefined stuck path" />
        <property name="nodejs_npm_path_reset_for_default_project" value="true" />
        <property name="settings.editor.selected.configurable" value="preferences.general" />
      </component>
      <component name="VcsContentAnnotationSettings">
        <option name="myLimit" value="2678400000" />
      </component>
      <component name="masterDetails">
        <states>
          <state key="ProjectJDKs.UI">
            <settings>
              <last-edited>1.8</last-edited>
              <splitter-proportions>
                <option name="proportions">
                  <list>
                    <option value="0.2" />
                  </list>
                </option>
              </splitter-proportions>
            </settings>
          </state>
        </states>
      </component>
    </defaultProject>
  </component>
</application>